Alabama,Montgomery
Alaska,Juneau
Arizona,Phoenix
Arkansas,Little_Rock
California,Sacramento
Colorado,Denver
Connecticut,Hartford
Delaware,Dover
Hawaii,Honolulu
Florida,Tallahassee
Georgia,Atlanta
Idaho,Boise
Illinois,Springfield
Indiana,Indianapolis
Iowa,Des_Moines
Kansas,Topeka
Kentucky,Frankfort
Louisiana,Baton_Rouge
Maine,Augusta
Maryland,Annapolis
Massachusetts,Boston
Michigan,Lansing
Minnesota,St._Paul
Mississippi,Jackson
Missouri,Jefferson_City
Montana,Helena
Nebraska,Lincoln
Nevada,Carson_City
New_Hampshire,Concord
New_Jersey,Trenton
New_Mexico,Santa_Fe
North_Carolina,Raleigh
North_Dakota,Bismarck
New_York,Albany
Ohio,Columbus
Oklahoma,Oklahoma_City
Oregon,Salem
Pennsylvania,Harrisburg
Rhode_Island,Providence
South_Carolina,Columbia
South_Dakota,Pierre
Tennessee,Nashville
Texas,Austin
Utah,Salt_Lake_City
Vermont,Montpelier
Virginia,Richmond
Washington,Olympia
West_Virginia,Charleston
Wisconsin,Madison
Wyoming,Cheyenne
